INSERT INTO edu_university (id, univ_id, name, status, addr_line1, addr_line2, state, pin, aicte_approv_status, created_by_id, created_date) VALUES ( 1, '1', 'V.T.U. Belgaum', '1', 'U1', 'Belgaum', 'Karnataka', '123123', '1', '1', '3/20/2013 0:00');
INSERT INTO edu_university (id, univ_id, name, status, addr_line1, addr_line2, state, pin, aicte_approv_status, created_by_id, created_date) VALUES ( 2, '2', 'Mangalore University', '1', 'U2', 'Mangalore', 'Karnataka', '123123', '1', '1', '3/20/2013 0:00');

INSERT INTO edu_institute (id, inst_id, name, status, deemed_univ, university_id, aicte_approv_status, about_info, reg_date, aff_date, aff_expiry_date, reg_addr_line1, reg_addr_line2, cur_addr_line1, cur_addr_line2, reg_state, cur_state, reg_pin, cur_pin, accr_status, last_accr_date, nominal_fee, created_by_id, created_date) VALUES ( '1', '1', 'Acharya Institute of Technology', '1', '0', '1', '1', 'about', '3/4/2013', '3/4/2013', '3/4/2013', 'CA1', 'Bangalore', 'CA1', 'Bangalore', 'Karnataka', 'Karnataka', '123123', '123123', '1', '3/5/2013', '1231234', '1', '3/20/2013 0:00');
INSERT INTO edu_institute (id, inst_id, name, status, deemed_univ, university_id, aicte_approv_status, about_info, reg_date, aff_date, aff_expiry_date, reg_addr_line1, reg_addr_line2, cur_addr_line1, cur_addr_line2, reg_state, cur_state, reg_pin, cur_pin, accr_status, last_accr_date, nominal_fee, created_by_id, created_date) VALUES ( '2', '2', 'ACS College of Engineering', '1', '0', '1', '1', 'about', '3/11/2013', '3/11/2013', '3/11/2013', 'CA2', 'Bangalore', 'CA2', 'Bangalore', 'Karnataka', 'Karnataka', '234544', '234544', '1', '3/4/2013', '123', '1', '3/20/2013 0:00');
INSERT INTO edu_institute (id, inst_id, name, status, deemed_univ, university_id, aicte_approv_status, about_info, reg_date, aff_date, aff_expiry_date, reg_addr_line1, reg_addr_line2, cur_addr_line1, cur_addr_line2, reg_state, cur_state, reg_pin, cur_pin, accr_status, last_accr_date, nominal_fee, created_by_id, created_date) VALUES ( '3', '3', 'Adichunchanagiri Institute of Technology', '1', '0', '1', '0', 'about', '3/4/2013', '3/4/2013', '3/4/2013', '', 'Chikmagalur', '', 'Chikmagalur', 'Karnataka', 'Karnataka', '123123', '123123', '1', '3/5/2013', '1231234', '1', '3/20/2013 0:00');
INSERT INTO edu_institute (id, inst_id, name, status, deemed_univ, university_id, aicte_approv_status, about_info, reg_date, aff_date, aff_expiry_date, reg_addr_line1, reg_addr_line2, cur_addr_line1, cur_addr_line2, reg_state, cur_state, reg_pin, cur_pin, accr_status, last_accr_date, nominal_fee, created_by_id, created_date) VALUES ( '4', '4', 'Alpha College of Engineering', '1', '0', '1', '0', 'about', '3/11/2013', '3/11/2013', '3/11/2013', '', 'Bangalore', '', 'Bangalore', 'Karnataka', 'Karnataka', '234544', '234544', '1', '3/4/2013', '123', '1', '3/20/2013 0:00');
INSERT INTO edu_institute (id, inst_id, name, status, deemed_univ, university_id, aicte_approv_status, about_info, reg_date, aff_date, aff_expiry_date, reg_addr_line1, reg_addr_line2, cur_addr_line1, cur_addr_line2, reg_state, cur_state, reg_pin, cur_pin, accr_status, last_accr_date, nominal_fee, created_by_id, created_date) VALUES ( '5', '5', 'Alva''s Institute of Engineering & Technology', '1', '0', '1', '1', 'about', '3/4/2013', '3/4/2013', '3/4/2013', '', 'Mangalore', '', 'Mangalore', 'Karnataka', 'Karnataka', '123123', '123123', '1', '3/5/2013', '1231234', '1', '3/20/2013 0:00');
INSERT INTO edu_institute (id, inst_id, name, status, deemed_univ, university_id, aicte_approv_status, about_info, reg_date, aff_date, aff_expiry_date, reg_addr_line1, reg_addr_line2, cur_addr_line1, cur_addr_line2, reg_state, cur_state, reg_pin, cur_pin, accr_status, last_accr_date, nominal_fee, created_by_id, created_date) VALUES ( '6', '6', 'A M C Engineering College', '1', '0', '1', '1', 'about', '3/11/2013', '3/11/2013', '3/11/2013', '', 'Bangalore', '', 'Bangalore', 'Karnataka', 'Karnataka', '234544', '234544', '1', '3/4/2013', '123', '1', '3/20/2013 0:00');
INSERT INTO edu_institute (id, inst_id, name, status, deemed_univ, university_id, aicte_approv_status, about_info, reg_date, aff_date, aff_expiry_date, reg_addr_line1, reg_addr_line2, cur_addr_line1, cur_addr_line2, reg_state, cur_state, reg_pin, cur_pin, accr_status, last_accr_date, nominal_fee, created_by_id, created_date) VALUES ( '7', '7', 'Amruta Institute of Engineering & Management Sciences,', '1', '0', '1', '1', 'about', '3/4/2013', '3/4/2013', '3/4/2013', '', 'Bangalore', '', 'Bangalore', 'Karnataka', 'Karnataka', '123123', '123123', '1', '3/5/2013', '1231234', '1', '3/20/2013 0:00');
INSERT INTO edu_institute (id, inst_id, name, status, deemed_univ, university_id, aicte_approv_status, about_info, reg_date, aff_date, aff_expiry_date, reg_addr_line1, reg_addr_line2, cur_addr_line1, cur_addr_line2, reg_state, cur_state, reg_pin, cur_pin, accr_status, last_accr_date, nominal_fee, created_by_id, created_date) VALUES ( '8', '8', 'Angadi Institute of Technology and Management', '1', '0', '1', '1', 'about', '3/11/2013', '3/11/2013', '3/11/2013', '', 'Belgaum', '', 'Belgaum', 'Karnataka', 'Karnataka', '234544', '234544', '1', '3/4/2013', '123', '1', '3/20/2013 0:00');
INSERT INTO edu_institute (id, inst_id, name, status, deemed_univ, university_id, aicte_approv_status, about_info, reg_date, aff_date, aff_expiry_date, reg_addr_line1, reg_addr_line2, cur_addr_line1, cur_addr_line2, reg_state, cur_state, reg_pin, cur_pin, accr_status, last_accr_date, nominal_fee, created_by_id, created_date) VALUES ( '9', '9', 'Appa Institute of Engineering & Technology', '1', '0', '1', '0', 'about', '3/4/2013', '3/4/2013', '3/4/2013', '', 'Gulbarga', '', 'Gulbarga', 'Karnataka', 'Karnataka', '123123', '123123', '1', '3/5/2013', '1231234', '1', '3/20/2013 0:00');
INSERT INTO edu_institute (id, inst_id, name, status, deemed_univ, university_id, aicte_approv_status, about_info, reg_date, aff_date, aff_expiry_date, reg_addr_line1, reg_addr_line2, cur_addr_line1, cur_addr_line2, reg_state, cur_state, reg_pin, cur_pin, accr_status, last_accr_date, nominal_fee, created_by_id, created_date) VALUES ( '10', '10', 'APS College of Engineering', '1', '0', '1', '0', 'about', '3/11/2013', '3/11/2013', '3/11/2013', '', 'Bangalore', '', 'Bangalore', 'Karnataka', 'Karnataka', '234544', '234544', '1', '3/4/2013', '123', '1', '3/20/2013 0:00');
INSERT INTO edu_institute (id, inst_id, name, status, deemed_univ, university_id, aicte_approv_status, about_info, reg_date, aff_date, aff_expiry_date, reg_addr_line1, reg_addr_line2, cur_addr_line1, cur_addr_line2, reg_state, cur_state, reg_pin, cur_pin, accr_status, last_accr_date, nominal_fee, created_by_id, created_date) VALUES ( '11', '11', 'Atria Institute of Technology', '1', '0', '1', '1', 'about', '3/4/2013', '3/4/2013', '3/4/2013', '', 'Bangalore', '', 'Bangalore', 'Karnataka', 'Karnataka', '123123', '123123', '1', '3/5/2013', '1231234', '1', '3/20/2013 0:00');
INSERT INTO edu_institute (id, inst_id, name, status, deemed_univ, university_id, aicte_approv_status, about_info, reg_date, aff_date, aff_expiry_date, reg_addr_line1, reg_addr_line2, cur_addr_line1, cur_addr_line2, reg_state, cur_state, reg_pin, cur_pin, accr_status, last_accr_date, nominal_fee, created_by_id, created_date) VALUES ( '12', '12', 'Auden Technology and Management Academy', '1', '0', '1', '1', 'about', '3/11/2013', '3/11/2013', '3/11/2013', '', 'Bangalore', '', 'Bangalore', 'Karnataka', 'Karnataka', '234544', '234544', '1', '3/4/2013', '123', '1', '3/20/2013 0:00');
INSERT INTO edu_institute (id, inst_id, name, status, deemed_univ, university_id, aicte_approv_status, about_info, reg_date, aff_date, aff_expiry_date, reg_addr_line1, reg_addr_line2, cur_addr_line1, cur_addr_line2, reg_state, cur_state, reg_pin, cur_pin, accr_status, last_accr_date, nominal_fee, created_by_id, created_date) VALUES ( '13', '13', 'B.G.S. Institute Of Technology', '1', '0', '1', '1', 'about', '3/4/2013', '3/4/2013', '3/4/2013', '', 'Mandya', '', 'Mandya', 'Karnataka', 'Karnataka', '123123', '123123', '1', '3/5/2013', '1231234', '1', '3/20/2013 0:00');
INSERT INTO edu_institute (id, inst_id, name, status, deemed_univ, university_id, aicte_approv_status, about_info, reg_date, aff_date, aff_expiry_date, reg_addr_line1, reg_addr_line2, cur_addr_line1, cur_addr_line2, reg_state, cur_state, reg_pin, cur_pin, accr_status, last_accr_date, nominal_fee, created_by_id, created_date) VALUES ( '14', '14', 'B.N.M. Institute of Technology', '1', '0', '1', '0', 'about', '3/11/2013', '3/11/2013', '3/11/2013', '', 'Bangalore', '', 'Bangalore', 'Karnataka', 'Karnataka', '123123', '123123', '1', '3/5/2013', '1231234', '1', '3/20/2013 0:00');
INSERT INTO edu_institute (id, inst_id, name, status, deemed_univ, university_id, aicte_approv_status, about_info, reg_date, aff_date, aff_expiry_date, reg_addr_line1, reg_addr_line2, cur_addr_line1, cur_addr_line2, reg_state, cur_state, reg_pin, cur_pin, accr_status, last_accr_date, nominal_fee, created_by_id, created_date) VALUES ( '15', '15', 'KLE Society''s B.V. Bhoomaraddi College of Engineering & Technology', '1', '0', '1', '0', 'about', '3/4/2013', '3/4/2013', '3/4/2013', '', 'Hubli', '', 'Hubli', 'Karnataka', 'Karnataka', '234544', '234544', '1', '3/4/2013', '123', '1', '3/20/2013 0:00');
INSERT INTO edu_institute (id, inst_id, name, status, deemed_univ, university_id, aicte_approv_status, about_info, reg_date, aff_date, aff_expiry_date, reg_addr_line1, reg_addr_line2, cur_addr_line1, cur_addr_line2, reg_state, cur_state, reg_pin, cur_pin, accr_status, last_accr_date, nominal_fee, created_by_id, created_date) VALUES ( '16', '16', 'Ballari Institute of Technology & Management', '1', '0', '1', '1', 'about', '3/11/2013', '3/11/2013', '3/11/2013', '', 'Bellary', '', 'Bellary', 'Karnataka', 'Karnataka', '123123', '123123', '1', '3/5/2013', '1231234', '1', '3/20/2013 0:00');
INSERT INTO edu_institute (id, inst_id, name, status, deemed_univ, university_id, aicte_approv_status, about_info, reg_date, aff_date, aff_expiry_date, reg_addr_line1, reg_addr_line2, cur_addr_line1, cur_addr_line2, reg_state, cur_state, reg_pin, cur_pin, accr_status, last_accr_date, nominal_fee, created_by_id, created_date) VALUES ( '17', '17', 'Bangalore Institute of Technology', '1', '0', '1', '1', 'about', '3/4/2013', '3/4/2013', '3/4/2013', '', 'Bangalore', '', 'Bangalore', 'Karnataka', 'Karnataka', '234544', '234544', '1', '3/4/2013', '123', '1', '3/20/2013 0:00');
INSERT INTO edu_institute (id, inst_id, name, status, deemed_univ, university_id, aicte_approv_status, about_info, reg_date, aff_date, aff_expiry_date, reg_addr_line1, reg_addr_line2, cur_addr_line1, cur_addr_line2, reg_state, cur_state, reg_pin, cur_pin, accr_status, last_accr_date, nominal_fee, created_by_id, created_date) VALUES ( '18', '18', 'Bapuji Institute of Engineering & Technology', '1', '0', '1', '0', 'about', '3/11/2013', '3/11/2013', '3/11/2013', '', 'Davengere', '', 'Davengere', 'Karnataka', 'Karnataka', '123123', '123123', '1', '3/5/2013', '1231234', '1', '3/20/2013 0:00');
INSERT INTO edu_institute (id, inst_id, name, status, deemed_univ, university_id, aicte_approv_status, about_info, reg_date, aff_date, aff_expiry_date, reg_addr_line1, reg_addr_line2, cur_addr_line1, cur_addr_line2, reg_state, cur_state, reg_pin, cur_pin, accr_status, last_accr_date, nominal_fee, created_by_id, created_date) VALUES ( '19', '19', 'Basava Academy of Engineering', '1', '0', '1', '1', 'about', '3/4/2013', '3/4/2013', '3/4/2013', '', 'Bangalore', '', 'Bangalore', 'Karnataka', 'Karnataka', '234544', '234544', '1', '3/4/2013', '123', '1', '3/20/2013 0:00');
INSERT INTO edu_institute (id, inst_id, name, status, deemed_univ, university_id, aicte_approv_status, about_info, reg_date, aff_date, aff_expiry_date, reg_addr_line1, reg_addr_line2, cur_addr_line1, cur_addr_line2, reg_state, cur_state, reg_pin, cur_pin, accr_status, last_accr_date, nominal_fee, created_by_id, created_date) VALUES ( '20', '20', 'B M S College of Engineering,', '1', '0', '1', '0', 'about', '3/11/2013', '3/11/2013', '3/11/2013', '', 'Bangalore', '', 'Bangalore', 'Karnataka', 'Karnataka', '123123', '123123', '1', '3/5/2013', '1231234', '1', '3/20/2013 0:00');
INSERT INTO edu_institute (id, inst_id, name, status, deemed_univ, university_id, aicte_approv_status, about_info, reg_date, aff_date, aff_expiry_date, reg_addr_line1, reg_addr_line2, cur_addr_line1, cur_addr_line2, reg_state, cur_state, reg_pin, cur_pin, accr_status, last_accr_date, nominal_fee, created_by_id, created_date) VALUES ( '21', '21', 'Sri Dharmasthala Manjunatheshwara College', '1', '0', '2', '1', 'about', '3/4/2013', '3/4/2013', '3/4/2013', '', 'Mangalore', '', 'Mangalore', 'Karnataka', 'Karnataka', '234544', '234544', '1', '3/4/2013', '123', '1', '3/20/2013 0:00');
INSERT INTO edu_institute (id, inst_id, name, status, deemed_univ, university_id, aicte_approv_status, about_info, reg_date, aff_date, aff_expiry_date, reg_addr_line1, reg_addr_line2, cur_addr_line1, cur_addr_line2, reg_state, cur_state, reg_pin, cur_pin, accr_status, last_accr_date, nominal_fee, created_by_id, created_date) VALUES ( '22', '22', 'St. Agnes College', '1', '0', '2', '1', 'about', '3/11/2013', '3/11/2013', '3/11/2013', '', 'Mangalore', '', 'Mangalore', 'Karnataka', 'Karnataka', '123123', '123123', '1', '3/5/2013', '1231234', '1', '3/20/2013 0:00');
INSERT INTO edu_institute (id, inst_id, name, status, deemed_univ, university_id, aicte_approv_status, about_info, reg_date, aff_date, aff_expiry_date, reg_addr_line1, reg_addr_line2, cur_addr_line1, cur_addr_line2, reg_state, cur_state, reg_pin, cur_pin, accr_status, last_accr_date, nominal_fee, created_by_id, created_date) VALUES ( '23', '23', 'St. Aloysius College', '1', '0', '2', '0', 'about', '3/4/2013', '3/4/2013', '3/4/2013', '', 'Mangalore', '', 'Mangalore', 'Karnataka', 'Karnataka', '234544', '234544', '1', '3/4/2013', '123', '1', '3/20/2013 0:00');
INSERT INTO edu_institute (id, inst_id, name, status, deemed_univ, university_id, aicte_approv_status, about_info, reg_date, aff_date, aff_expiry_date, reg_addr_line1, reg_addr_line2, cur_addr_line1, cur_addr_line2, reg_state, cur_state, reg_pin, cur_pin, accr_status, last_accr_date, nominal_fee, created_by_id, created_date) VALUES ( '24', '24', 'St. Ann’s College of Education', '1', '0', '2', '0', 'about', '3/11/2013', '3/11/2013', '3/11/2013', '', 'Mangalore', '', 'Mangalore', 'Karnataka', 'Karnataka', '123123', '123123', '1', '3/5/2013', '1231234', '1', '3/20/2013 0:00');


INSERT INTO edu_stream (id, name, stream_code, description, created_by_id, created_date) VALUES ('1', 'Computer Engineering', 'COE', 'Department of Computer Engineering', '1', '3/20/2013 0:00');
INSERT INTO edu_stream (id, name, stream_code, description, created_by_id, created_date) VALUES ('2', 'Mechanical Engineering', 'ME', 'Department of Mechanical Engineering', '1', '3/20/2013 0:00');
INSERT INTO edu_stream (id, name, stream_code, description, created_by_id, created_date) VALUES ('3', 'Chemical Engineering', 'CME', 'Department of Chemical Engineering', '1', '3/20/2013 0:00');
INSERT INTO edu_stream (id, name, stream_code, description, created_by_id, created_date) VALUES ('4', 'Electonics and Communication', 'ECE', 'Department of Electonics and Communication', '1', '3/20/2013 0:00');
INSERT INTO edu_stream (id, name, stream_code, description, created_by_id, created_date) VALUES ('5', 'Electrical Engineeting', 'EEE', 'Department of Electrical Engineeting', '1', '3/20/2013 0:00');
INSERT INTO edu_stream (id, name, stream_code, description, created_by_id, created_date) VALUES ('6', 'Metallurgy ', 'MA', 'Department of Metallurgy ', '1', '3/20/2013 0:00');
INSERT INTO edu_stream (id, name, stream_code, description, created_by_id, created_date) VALUES ('7', 'Mining', 'MI', 'Department of Mining', '1', '3/20/2013 0:00');


INSERT INTO edu_institute_streams (id,institute_id,stream_id) VALUES(1, 1, 1);
INSERT INTO edu_institute_streams (id,institute_id,stream_id) VALUES(2, 1, 3);
INSERT INTO edu_institute_streams (id,institute_id,stream_id) VALUES(3, 2, 1);
INSERT INTO edu_institute_streams (id,institute_id,stream_id) VALUES(4, 2, 2);
INSERT INTO edu_institute_streams (id,institute_id,stream_id) VALUES(5, 2, 3);
INSERT INTO edu_institute_streams (id,institute_id,stream_id) VALUES(6, 2, 4);
INSERT INTO edu_institute_streams (id,institute_id,stream_id) VALUES(7, 2, 5);
INSERT INTO edu_institute_streams (id,institute_id,stream_id) VALUES(8, 3, 1);
INSERT INTO edu_institute_streams (id,institute_id,stream_id) VALUES(9, 3, 2);
INSERT INTO edu_institute_streams (id,institute_id,stream_id) VALUES(10, 3, 3);
INSERT INTO edu_institute_streams (id,institute_id,stream_id) VALUES(11, 3, 4);
INSERT INTO edu_institute_streams (id,institute_id,stream_id) VALUES(12, 3, 5);
INSERT INTO edu_institute_streams (id,institute_id,stream_id) VALUES(13, 4, 1);
INSERT INTO edu_institute_streams (id,institute_id,stream_id) VALUES(14, 4, 2);
INSERT INTO edu_institute_streams (id,institute_id,stream_id) VALUES(15, 4, 3);
INSERT INTO edu_institute_streams (id,institute_id,stream_id) VALUES(16, 4, 4);
INSERT INTO edu_institute_streams (id,institute_id,stream_id) VALUES(17, 4, 5);
INSERT INTO edu_institute_streams (id,institute_id,stream_id) VALUES(18, 4, 6);
INSERT INTO edu_institute_streams (id,institute_id,stream_id) VALUES(19, 4, 7);
INSERT INTO edu_institute_streams (id,institute_id,stream_id) VALUES(20, 5, 1);
INSERT INTO edu_institute_streams (id,institute_id,stream_id) VALUES(21, 5, 2);
INSERT INTO edu_institute_streams (id,institute_id,stream_id) VALUES(22, 5, 3);
INSERT INTO edu_institute_streams (id,institute_id,stream_id) VALUES(23, 5, 4);
INSERT INTO edu_institute_streams (id,institute_id,stream_id) VALUES(24, 5, 5);
INSERT INTO edu_institute_streams (id,institute_id,stream_id) VALUES(25, 5, 6);
INSERT INTO edu_institute_streams (id,institute_id,stream_id) VALUES(26, 5, 7);
INSERT INTO edu_institute_streams (id,institute_id,stream_id) VALUES(27, 6, 1);
INSERT INTO edu_institute_streams (id,institute_id,stream_id) VALUES(28, 6, 2);
INSERT INTO edu_institute_streams (id,institute_id,stream_id) VALUES(29, 6, 3);
INSERT INTO edu_institute_streams (id,institute_id,stream_id) VALUES(30, 6, 4);
INSERT INTO edu_institute_streams (id,institute_id,stream_id) VALUES(31, 6, 5);
INSERT INTO edu_institute_streams (id,institute_id,stream_id) VALUES(32, 6, 6);
INSERT INTO edu_institute_streams (id,institute_id,stream_id) VALUES(33, 6, 7);
INSERT INTO edu_institute_streams (id,institute_id,stream_id) VALUES(34, 7, 1);
INSERT INTO edu_institute_streams (id,institute_id,stream_id) VALUES(35, 7, 2);
INSERT INTO edu_institute_streams (id,institute_id,stream_id) VALUES(36, 7, 3);
INSERT INTO edu_institute_streams (id,institute_id,stream_id) VALUES(37, 7, 4);
INSERT INTO edu_institute_streams (id,institute_id,stream_id) VALUES(38, 7, 5);
INSERT INTO edu_institute_streams (id,institute_id,stream_id) VALUES(39, 7, 6);
INSERT INTO edu_institute_streams (id,institute_id,stream_id) VALUES(40, 7, 7);
INSERT INTO edu_institute_streams (id,institute_id,stream_id) VALUES(41, 8, 1);
INSERT INTO edu_institute_streams (id,institute_id,stream_id) VALUES(42, 8, 2);
INSERT INTO edu_institute_streams (id,institute_id,stream_id) VALUES(43, 8, 3);
INSERT INTO edu_institute_streams (id,institute_id,stream_id) VALUES(44, 8, 4);
INSERT INTO edu_institute_streams (id,institute_id,stream_id) VALUES(45, 8, 5);
INSERT INTO edu_institute_streams (id,institute_id,stream_id) VALUES(46, 8, 6);
INSERT INTO edu_institute_streams (id,institute_id,stream_id) VALUES(47, 8, 7);
INSERT INTO edu_institute_streams (id,institute_id,stream_id) VALUES(48, 9, 1);
INSERT INTO edu_institute_streams (id,institute_id,stream_id) VALUES(49, 9, 2);
INSERT INTO edu_institute_streams (id,institute_id,stream_id) VALUES(50, 9, 3);
INSERT INTO edu_institute_streams (id,institute_id,stream_id) VALUES(51, 9, 4);
INSERT INTO edu_institute_streams (id,institute_id,stream_id) VALUES(52, 9, 5);
INSERT INTO edu_institute_streams (id,institute_id,stream_id) VALUES(53, 9, 6);
INSERT INTO edu_institute_streams (id,institute_id,stream_id) VALUES(54, 9, 7);
INSERT INTO edu_institute_streams (id,institute_id,stream_id) VALUES(55, 10, 1);
INSERT INTO edu_institute_streams (id,institute_id,stream_id) VALUES(56, 10, 2);
INSERT INTO edu_institute_streams (id,institute_id,stream_id) VALUES(57, 10, 3);
INSERT INTO edu_institute_streams (id,institute_id,stream_id) VALUES(58, 10, 4);
INSERT INTO edu_institute_streams (id,institute_id,stream_id) VALUES(59, 10, 5);
INSERT INTO edu_institute_streams (id,institute_id,stream_id) VALUES(60, 10, 6);
INSERT INTO edu_institute_streams (id,institute_id,stream_id) VALUES(61, 10, 7);
INSERT INTO edu_institute_streams (id,institute_id,stream_id) VALUES(62, 11, 1);
INSERT INTO edu_institute_streams (id,institute_id,stream_id) VALUES(63, 11, 2);
INSERT INTO edu_institute_streams (id,institute_id,stream_id) VALUES(64, 11, 3);
INSERT INTO edu_institute_streams (id,institute_id,stream_id) VALUES(65, 11, 4);
INSERT INTO edu_institute_streams (id,institute_id,stream_id) VALUES(66, 11, 5);
INSERT INTO edu_institute_streams (id,institute_id,stream_id) VALUES(67, 11, 6);
INSERT INTO edu_institute_streams (id,institute_id,stream_id) VALUES(68, 11, 7);
INSERT INTO edu_institute_streams (id,institute_id,stream_id) VALUES(69, 12, 1);
INSERT INTO edu_institute_streams (id,institute_id,stream_id) VALUES(70, 12, 2);
INSERT INTO edu_institute_streams (id,institute_id,stream_id) VALUES(71, 12, 3);
INSERT INTO edu_institute_streams (id,institute_id,stream_id) VALUES(72, 12, 4);
INSERT INTO edu_institute_streams (id,institute_id,stream_id) VALUES(73, 12, 5);
INSERT INTO edu_institute_streams (id,institute_id,stream_id) VALUES(74, 12, 6);
INSERT INTO edu_institute_streams (id,institute_id,stream_id) VALUES(75, 12, 7);
INSERT INTO edu_institute_streams (id,institute_id,stream_id) VALUES(76, 13, 1);
INSERT INTO edu_institute_streams (id,institute_id,stream_id) VALUES(77, 13, 2);
INSERT INTO edu_institute_streams (id,institute_id,stream_id) VALUES(78, 13, 3);
INSERT INTO edu_institute_streams (id,institute_id,stream_id) VALUES(79, 13, 4);
INSERT INTO edu_institute_streams (id,institute_id,stream_id) VALUES(80, 13, 5);
INSERT INTO edu_institute_streams (id,institute_id,stream_id) VALUES(81, 13, 6);
INSERT INTO edu_institute_streams (id,institute_id,stream_id) VALUES(82, 13, 7);
INSERT INTO edu_institute_streams (id,institute_id,stream_id) VALUES(83, 14, 1);
INSERT INTO edu_institute_streams (id,institute_id,stream_id) VALUES(84, 14, 2);
INSERT INTO edu_institute_streams (id,institute_id,stream_id) VALUES(85, 14, 3);
INSERT INTO edu_institute_streams (id,institute_id,stream_id) VALUES(86, 14, 4);
INSERT INTO edu_institute_streams (id,institute_id,stream_id) VALUES(87, 14, 5);
INSERT INTO edu_institute_streams (id,institute_id,stream_id) VALUES(88, 14, 6);
INSERT INTO edu_institute_streams (id,institute_id,stream_id) VALUES(89, 14, 7);
INSERT INTO edu_institute_streams (id,institute_id,stream_id) VALUES(90, 15, 1);
INSERT INTO edu_institute_streams (id,institute_id,stream_id) VALUES(91, 15, 2);
INSERT INTO edu_institute_streams (id,institute_id,stream_id) VALUES(92, 15, 3);
INSERT INTO edu_institute_streams (id,institute_id,stream_id) VALUES(93, 15, 4);
INSERT INTO edu_institute_streams (id,institute_id,stream_id) VALUES(94, 15, 5);
INSERT INTO edu_institute_streams (id,institute_id,stream_id) VALUES(95, 15, 6);
INSERT INTO edu_institute_streams (id,institute_id,stream_id) VALUES(96, 15, 7);
INSERT INTO edu_institute_streams (id,institute_id,stream_id) VALUES(97, 16, 1);
INSERT INTO edu_institute_streams (id,institute_id,stream_id) VALUES(98, 16, 2);
INSERT INTO edu_institute_streams (id,institute_id,stream_id) VALUES(99, 16, 3);
INSERT INTO edu_institute_streams (id,institute_id,stream_id) VALUES(100, 16, 4);
INSERT INTO edu_institute_streams (id,institute_id,stream_id) VALUES(101, 16, 5);
INSERT INTO edu_institute_streams (id,institute_id,stream_id) VALUES(102, 16, 6);
INSERT INTO edu_institute_streams (id,institute_id,stream_id) VALUES(103, 16, 7);
INSERT INTO edu_institute_streams (id,institute_id,stream_id) VALUES(104, 17, 1);
INSERT INTO edu_institute_streams (id,institute_id,stream_id) VALUES(105, 17, 2);
INSERT INTO edu_institute_streams (id,institute_id,stream_id) VALUES(106, 17, 3);
INSERT INTO edu_institute_streams (id,institute_id,stream_id) VALUES(107, 17, 4);
INSERT INTO edu_institute_streams (id,institute_id,stream_id) VALUES(108, 17, 5);
INSERT INTO edu_institute_streams (id,institute_id,stream_id) VALUES(109, 17, 6);
INSERT INTO edu_institute_streams (id,institute_id,stream_id) VALUES(110, 17, 7);
INSERT INTO edu_institute_streams (id,institute_id,stream_id) VALUES(111, 18, 1);
INSERT INTO edu_institute_streams (id,institute_id,stream_id) VALUES(112, 18, 2);
INSERT INTO edu_institute_streams (id,institute_id,stream_id) VALUES(113, 18, 3);
INSERT INTO edu_institute_streams (id,institute_id,stream_id) VALUES(114, 18, 4);
INSERT INTO edu_institute_streams (id,institute_id,stream_id) VALUES(115, 18, 5);
INSERT INTO edu_institute_streams (id,institute_id,stream_id) VALUES(116, 18, 6);
INSERT INTO edu_institute_streams (id,institute_id,stream_id) VALUES(117, 18, 7);
INSERT INTO edu_institute_streams (id,institute_id,stream_id) VALUES(118, 19, 1);
INSERT INTO edu_institute_streams (id,institute_id,stream_id) VALUES(119, 19, 2);
INSERT INTO edu_institute_streams (id,institute_id,stream_id) VALUES(120, 19, 3);
INSERT INTO edu_institute_streams (id,institute_id,stream_id) VALUES(121, 19, 4);
INSERT INTO edu_institute_streams (id,institute_id,stream_id) VALUES(122, 19, 5);
INSERT INTO edu_institute_streams (id,institute_id,stream_id) VALUES(123, 19, 6);
INSERT INTO edu_institute_streams (id,institute_id,stream_id) VALUES(124, 19, 7);
INSERT INTO edu_institute_streams (id,institute_id,stream_id) VALUES(125, 20, 1);
INSERT INTO edu_institute_streams (id,institute_id,stream_id) VALUES(126, 20, 2);
INSERT INTO edu_institute_streams (id,institute_id,stream_id) VALUES(127, 20, 3);
INSERT INTO edu_institute_streams (id,institute_id,stream_id) VALUES(128, 20, 4);
INSERT INTO edu_institute_streams (id,institute_id,stream_id) VALUES(129, 20, 5);
INSERT INTO edu_institute_streams (id,institute_id,stream_id) VALUES(130, 20, 6);
INSERT INTO edu_institute_streams (id,institute_id,stream_id) VALUES(131, 20, 7);
INSERT INTO edu_institute_streams (id,institute_id,stream_id) VALUES(132, 21, 1);
INSERT INTO edu_institute_streams (id,institute_id,stream_id) VALUES(133, 21, 2);
INSERT INTO edu_institute_streams (id,institute_id,stream_id) VALUES(134, 21, 3);
INSERT INTO edu_institute_streams (id,institute_id,stream_id) VALUES(135, 21, 4);
INSERT INTO edu_institute_streams (id,institute_id,stream_id) VALUES(136, 21, 5);
INSERT INTO edu_institute_streams (id,institute_id,stream_id) VALUES(137, 21, 6);
INSERT INTO edu_institute_streams (id,institute_id,stream_id) VALUES(138, 21, 7);
INSERT INTO edu_institute_streams (id,institute_id,stream_id) VALUES(139, 22, 1);
INSERT INTO edu_institute_streams (id,institute_id,stream_id) VALUES(140, 22, 2);
INSERT INTO edu_institute_streams (id,institute_id,stream_id) VALUES(141, 22, 3);
INSERT INTO edu_institute_streams (id,institute_id,stream_id) VALUES(142, 22, 4);
INSERT INTO edu_institute_streams (id,institute_id,stream_id) VALUES(143, 22, 5);
INSERT INTO edu_institute_streams (id,institute_id,stream_id) VALUES(144, 22, 6);
INSERT INTO edu_institute_streams (id,institute_id,stream_id) VALUES(145, 22, 7);
INSERT INTO edu_institute_streams (id,institute_id,stream_id) VALUES(146, 23, 1);
INSERT INTO edu_institute_streams (id,institute_id,stream_id) VALUES(147, 23, 2);
INSERT INTO edu_institute_streams (id,institute_id,stream_id) VALUES(148, 23, 3);
INSERT INTO edu_institute_streams (id,institute_id,stream_id) VALUES(149, 23, 4);
INSERT INTO edu_institute_streams (id,institute_id,stream_id) VALUES(150, 23, 5);
INSERT INTO edu_institute_streams (id,institute_id,stream_id) VALUES(151, 23, 6);
INSERT INTO edu_institute_streams (id,institute_id,stream_id) VALUES(152, 23, 7);
INSERT INTO edu_institute_streams (id,institute_id,stream_id) VALUES(153, 24, 1);
INSERT INTO edu_institute_streams (id,institute_id,stream_id) VALUES(154, 24, 2);
INSERT INTO edu_institute_streams (id,institute_id,stream_id) VALUES(155, 24, 3);
INSERT INTO edu_institute_streams (id,institute_id,stream_id) VALUES(156, 24, 4);
INSERT INTO edu_institute_streams (id,institute_id,stream_id) VALUES(157, 24, 5);
INSERT INTO edu_institute_streams (id,institute_id,stream_id) VALUES(158, 24, 6);
INSERT INTO edu_institute_streams (id,institute_id,stream_id) VALUES(159, 24, 7);

